Timestamp,Name,Best Fitness,Network Structure,Connection Count
2024-07-15 18:25:48,Gen_3,403.2133492016898,"[10, 1, 3]",31,01J2VEJHQMP86X6NZ908E7D8Y2,01J2VEJHQM1SR4HDR0GRMTKRX0,-0.18508438222089985,1,01J2VEJHQMP86X6NZ908E7D8Y2,01J2VEJHQMWYXHN3VWHGV0SDCT,-0.23929478032125662,1,01J2VEJHQMP86X6NZ908E7D8Y2,01J2VEJHQM7P2W9F3QS9Z7VZS4,0.7866204819240384,1,01J2VEJHQMNWB30ED6C4QXPBMT,01J2VEJHQM1SR4HDR0GRMTKRX0,0.3289359026579935,1,01J2VEJHQMNWB30ED6C4QXPBMT,01J2VEJHQMWYXHN3VWHGV0SDCT,-0.05594413754238725,1,01J2VEJHQMNWB30ED6C4QXPBMT,01J2VEJHQM7P2W9F3QS9Z7VZS4,-0.8883768056833041,1,01J2VEJHQM4CYMJRTJD1RQDMSN,01J2VEJHQM1SR4HDR0GRMTKRX0,-0.7962469360714621,1,01J2VEJHQM4CYMJRTJD1RQDMSN,01J2VEJHQMWYXHN3VWHGV0SDCT,-0.6789700751743291,1,01J2VEJHQM4CYMJRTJD1RQDMSN,01J2VEJHQM7P2W9F3QS9Z7VZS4,-0.012334191947399181,1,01J2VEJHQM9FFYPAVH3PJSP11P,01J2VEJHQM1SR4HDR0GRMTKRX0,-0.15517913292533686,1,01J2VEJHQM9FFYPAVH3PJSP11P,01J2VEJHQMWYXHN3VWHGV0SDCT,0.797082087864127,1,01J2VEJHQM9FFYPAVH3PJSP11P,01J2VEJHQM7P2W9F3QS9Z7VZS4,-0.588548849953582,1,01J2VEJHQMDKGCF2MGG4QDWEB9,01J2VEJHQM1SR4HDR0GRMTKRX0,0.004135826585932589,1,01J2VEJHQMDKGCF2MGG4QDWEB9,01J2VEJHQMWYXHN3VWHGV0SDCT,0.7860796510792426,1,01J2VEJHQMDKGCF2MGG4QDWEB9,01J2VEJHQM7P2W9F3QS9Z7VZS4,-0.603304197741318,1,01J2VEJHQMDKGCF2MGG4QDWEB9,01J2VEJHQM7P2W9F3QS9Z7VZS4,-0.737941562535252,1,01J2VEJHQM9HAX8KD2DBH5VSH6,01J2VEJHQM1SR4HDR0GRMTKRX0,-0.06308051243673159,1,01J2VF9FN7F8VVNJN8V6KR2HMT,01J2VEJHQM7P2W9F3QS9Z7VZS4,-0.3775147954900342,1,01J2VEJHQM9HAX8KD2DBH5VSH6,01J2VEJHQMWYXHN3VWHGV0SDCT,0.28195116965089695,1,01J2VEJHQM15YCPRG0F9A64JVJ,01J2VEJHQM1SR4HDR0GRMTKRX0,-0.5116248390238958,1,01J2VEJHQM15YCPRG0F9A64JVJ,01J2VEJHQMWYXHN3VWHGV0SDCT,-0.2601562933444489,1,01J2VEJHQM15YCPRG0F9A64JVJ,01J2VEJHQM7P2W9F3QS9Z7VZS4,0.5684918363539955,1,01J2VEJHQMWKGDPQ1R3M7QA6MX,01J2VEJHQM1SR4HDR0GRMTKRX0,0.5480343884517956,1,01J2VEJHQMWKGDPQ1R3M7QA6MX,01J2VEJHQMWYXHN3VWHGV0SDCT,0.4213326781628892,1,01J2VEJHQMWKGDPQ1R3M7QA6MX,01J2VEJHQM7P2W9F3QS9Z7VZS4,-0.46925937770913073,1,01J2VEJHQM6MD01HBJ79A57Q0A,01J2VEJHQM1SR4HDR0GRMTKRX0,-0.6815690839378448,1,01J2VEJHQM6MD01HBJ79A57Q0A,01J2VEJHQMWYXHN3VWHGV0SDCT,-0.157308074785873,1,01J2VEJHQM6MD01HBJ79A57Q0A,01J2VEJHQM7P2W9F3QS9Z7VZS4,-0.879356854107987,1,01J2VEJHQMGJGDRJGTPWEAGRJW,01J2VEJHQM1SR4HDR0GRMTKRX0,0.41907052010847634,1,01J2VEJHQMGJGDRJGTPWEAGRJW,01J2VEJHQMWYXHN3VWHGV0SDCT,0.7511272612458202,1,01J2VEJHQMGJGDRJGTPWEAGRJW,01J2VEJHQM7P2W9F3QS9Z7VZS4,-0.3129204301062747,1
2024-07-15 19:34:45,Gen_13,348.1154311589646,"[10, 1, 3]",33,01J2VEJHQMP86X6NZ908E7D8Y2,01J2VEJHQM1SR4HDR0GRMTKRX0,-0.5066796760136294,1,01J2VEJHQMP86X6NZ908E7D8Y2,01J2VEJHQMWYXHN3VWHGV0SDCT,0.6582617841517134,1,01J2VEJHQMP86X6NZ908E7D8Y2,01J2VEJHQM7P2W9F3QS9Z7VZS4,0.6731620400042825,1,01J2VEJHQMNWB30ED6C4QXPBMT,01J2VEJHQM1SR4HDR0GRMTKRX0,0.6375564861626104,1,01J2VEJHQMNWB30ED6C4QXPBMT,01J2VEJHQMWYXHN3VWHGV0SDCT,-0.9745424263584875,1,01J2VEJHQMNWB30ED6C4QXPBMT,01J2VEJHQM7P2W9F3QS9Z7VZS4,0.5398586944159487,1,01J2VEJHQM4CYMJRTJD1RQDMSN,01J2VEJHQM1SR4HDR0GRMTKRX0,-0.043209569997166575,1,01J2VEJHQM4CYMJRTJD1RQDMSN,01J2VEJHQMWYXHN3VWHGV0SDCT,0.3614549850444484,1,01J2VEJHQM4CYMJRTJD1RQDMSN,01J2VEJHQM7P2W9F3QS9Z7VZS4,-0.9821788757334793,1,01J2VEJHQM9FFYPAVH3PJSP11P,01J2VEJHQM1SR4HDR0GRMTKRX0,-0.823116578674232,1,01J2VEJHQM9FFYPAVH3PJSP11P,01J2VEJHQMWYXHN3VWHGV0SDCT,-0.9926290526230619,1,01J2VEJHQM9FFYPAVH3PJSP11P,01J2VEJHQMWYXHN3VWHGV0SDCT,-1.0,1,01J2VEJHQM9FFYPAVH3PJSP11P,01J2VEJHQM7P2W9F3QS9Z7VZS4,0.06066509022603765,1,01J2VEJHQM9FFYPAVH3PJSP11P,01J2VEJHQM7P2W9F3QS9Z7VZS4,-0.9447452432255782,1,01J2VEJHQMDKGCF2MGG4QDWEB9,01J2VEJHQM1SR4HDR0GRMTKRX0,0.2554135184415681,1,01J2VEJHQMDKGCF2MGG4QDWEB9,01J2VEJHQMWYXHN3VWHGV0SDCT,0.7638149355540298,1,01J2VEJHQMDKGCF2MGG4QDWEB9,01J2VEJHQM7P2W9F3QS9Z7VZS4,0.8325888608482221,1,01J2VEJHQM9HAX8KD2DBH5VSH6,01J2VEJHQM1SR4HDR0GRMTKRX0,-0.01628391434896731,1,01J2VEJHQM9HAX8KD2DBH5VSH6,01J2VEJHQMWYXHN3VWHGV0SDCT,-0.5218883366405368,1,01J2VEJHQM9HAX8KD2DBH5VSH6,01J2VEJHQM7P2W9F3QS9Z7VZS4,0.11513620272177195,1,01J2VEJHQM15YCPRG0F9A64JVJ,01J2VEJHQM1SR4HDR0GRMTKRX0,-0.8294884179173031,1,01J2VEJHQM15YCPRG0F9A64JVJ,01J2VEJHQM7P2W9F3QS9Z7VZS4,0.3938303466485338,1,01J2VEJHQMWKGDPQ1R3M7QA6MX,01J2VEJHQM1SR4HDR0GRMTKRX0,-0.734477302033697,1,01J2VEJHQMWKGDPQ1R3M7QA6MX,01J2VEJHQMWYXHN3VWHGV0SDCT,-0.30210948121745607,1,01J2VEJHQMWKGDPQ1R3M7QA6MX,01J2VEJHQM7P2W9F3QS9Z7VZS4,-0.5802424656389138,1,01J2VEJHQM6MD01HBJ79A57Q0A,01J2VEJHQM1SR4HDR0GRMTKRX0,-0.6084474039361449,1,01J2VEJHQM6MD01HBJ79A57Q0A,01J2VEJHQMWYXHN3VWHGV0SDCT,0.32475170412081644,1,01J2VEJHQM6MD01HBJ79A57Q0A,01J2VEJHQM7P2W9F3QS9Z7VZS4,-0.9271430236357696,1,01J2VEJHQMGJGDRJGTPWEAGRJW,01J2VEJHQM1SR4HDR0GRMTKRX0,0.3430544304306504,1,01J2VEJHQMGJGDRJGTPWEAGRJW,01J2VEJHQM7P2W9F3QS9Z7VZS4,0.06028025459866207,1,01J2VEJHQMGJGDRJGTPWEAGRJW,01J2VJ8N9GK86SFP8RCTD9EGPG,0.9060398376936155,1,01J2VJ8N9GK86SFP8RCTD9EGPG,01J2VEJHQMWYXHN3VWHGV0SDCT,-0.3997178311994817,1,01J2VEJHQMWKGDPQ1R3M7QA6MX,01J2VJ8N9GK86SFP8RCTD9EGPG,-0.6298464590508182,1
2024-07-15 19:48:39,Gen_15,496.41119856058833,"[10, 3, 3]",37,01J2VEJHQMP86X6NZ908E7D8Y2,01J2VEJHQM1SR4HDR0GRMTKRX0,-0.6449939148327669,1,01J2VEJHQMP86X6NZ908E7D8Y2,01J2VEJHQMWYXHN3VWHGV0SDCT,0.6804063652655123,1,01J2VEJHQMP86X6NZ908E7D8Y2,01J2VEJHQM7P2W9F3QS9Z7VZS4,0.21219043377069513,1,01J2VEJHQMNWB30ED6C4QXPBMT,01J2VEJHQM1SR4HDR0GRMTKRX0,0.9232491021200917,1,01J2VEJHQMNWB30ED6C4QXPBMT,01J2VEJHQMWYXHN3VWHGV0SDCT,0.4215293624278187,1,01J2VEJHQMNWB30ED6C4QXPBMT,01J2VEJHQM7P2W9F3QS9Z7VZS4,0.46019586495570286,1,01J2VEJHQM4CYMJRTJD1RQDMSN,01J2VEJHQM1SR4HDR0GRMTKRX0,-0.23820000002979408,1,01J2VEJHQM4CYMJRTJD1RQDMSN,01J2VEJHQM7P2W9F3QS9Z7VZS4,-0.21795912631716183,1,01J2VEJHQM9FFYPAVH3PJSP11P,01J2VEJHQM1SR4HDR0GRMTKRX0,-0.4846976367676672,1,01J2VEJHQM9FFYPAVH3PJSP11P,01J2VEJHQMWYXHN3VWHGV0SDCT,-0.09778079281546087,1,01J2VEJHQM9FFYPAVH3PJSP11P,01J2VEJHQMWYXHN3VWHGV0SDCT,0.22341704048961586,1,01J2VEJHQM9FFYPAVH3PJSP11P,01J2VEJHQM7P2W9F3QS9Z7VZS4,-0.4232680287776407,1,01J2VEJHQM9FFYPAVH3PJSP11P,01J2VEJHQM7P2W9F3QS9Z7VZS4,0.16386378947645922,1,01J2VEJHQMDKGCF2MGG4QDWEB9,01J2VEJHQM1SR4HDR0GRMTKRX0,0.04855889447259901,1,01J2VEJHQMDKGCF2MGG4QDWEB9,01J2VEJHQMWYXHN3VWHGV0SDCT,0.8343514567450525,1,01J2VEJHQMDKGCF2MGG4QDWEB9,01J2VEJHQM7P2W9F3QS9Z7VZS4,-0.5903188816679893,1,01J2VEJHQM9HAX8KD2DBH5VSH6,01J2VEJHQM1SR4HDR0GRMTKRX0,0.05324627331198325,1,01J2VEJHQM9HAX8KD2DBH5VSH6,01J2VEJHQMWYXHN3VWHGV0SDCT,-0.5789266240114154,1,01J2VEJHQM9HAX8KD2DBH5VSH6,01J2VEJHQM7P2W9F3QS9Z7VZS4,0.7743542140107524,1,01J2VEJHQM15YCPRG0F9A64JVJ,01J2VEJHQM7P2W9F3QS9Z7VZS4,0.465666797947453,1,01J2VEJHQMWKGDPQ1R3M7QA6MX,01J2VEJHQM1SR4HDR0GRMTKRX0,-0.8720403729075256,1,01J2VEJHQMWKGDPQ1R3M7QA6MX,01J2VEJHQMWYXHN3VWHGV0SDCT,-0.0736735525876987,1,01J2VEJHQMWKGDPQ1R3M7QA6MX,01J2VEJHQM7P2W9F3QS9Z7VZS4,0.5688999868916227,1,01J2VEJHQM6MD01HBJ79A57Q0A,01J2VEJHQM1SR4HDR0GRMTKRX0,-0.6862715896637847,1,01J2VEJHQM6MD01HBJ79A57Q0A,01J2VEJHQMWYXHN3VWHGV0SDCT,-0.22481991989774686,1,01J2VEJHQM6MD01HBJ79A57Q0A,01J2VEJHQM7P2W9F3QS9Z7VZS4,-0.2924352118224331,1,01J2VEJHQMGJGDRJGTPWEAGRJW,01J2VEJHQM1SR4HDR0GRMTKRX0,-1.0,1,01J2VEJHQMGJGDRJGTPWEAGRJW,01J2VEJHQMWYXHN3VWHGV0SDCT,-0.13901026144962222,1,01J2VEJHQMGJGDRJGTPWEAGRJW,01J2VEJHQM7P2W9F3QS9Z7VZS4,-0.07496463247574736,1,01J2VEJHQM15YCPRG0F9A64JVJ,01J2VEJHQMWYXHN3VWHGV0SDCT,0.16351866915987762,1,01J2VEJHQM4CYMJRTJD1RQDMSN,01J2VH1RRVYP6ASKNF8RWYV755,-0.24498984004246466,1,01J2VH1RRVYP6ASKNF8RWYV755,01J2VEJHQMWYXHN3VWHGV0SDCT,-0.5816061892297618,1,01J2VEJHQM15YCPRG0F9A64JVJ,01J2VH1RRVYP6ASKNF8RWYV755,-0.9372961556426715,1,01J2VEJHQM9HAX8KD2DBH5VSH6,01J2VK42805SKDPKTEEB26465D,-0.9711677123079419,1,01J2VK42805SKDPKTEEB26465D,01J2VEJHQM7P2W9F3QS9Z7VZS4,-0.5185322078027769,1,01J2VEJHQMNWB30ED6C4QXPBMT,01J2VKY7Q1EBTD8NA3XJ01HH31,1.0,1,01J2VKY7Q1EBTD8NA3XJ01HH31,01J2VEJHQM1SR4HDR0GRMTKRX0,0.6385658159597144,1
2024-07-15 19:56:44,Gen_16,424.9348259912133,"[10, 4, 3]",37,01J2VEJHQMP86X6NZ908E7D8Y2,01J2VEJHQM1SR4HDR0GRMTKRX0,-0.7002122556036285,1,01J2VEJHQMP86X6NZ908E7D8Y2,01J2VEJHQMWYXHN3VWHGV0SDCT,0.6804063652655123,1,01J2VEJHQMP86X6NZ908E7D8Y2,01J2VEJHQM7P2W9F3QS9Z7VZS4,0.2170504741897455,1,01J2VEJHQMNWB30ED6C4QXPBMT,01J2VEJHQM1SR4HDR0GRMTKRX0,0.9550130505542629,1,01J2VEJHQMNWB30ED6C4QXPBMT,01J2VEJHQMWYXHN3VWHGV0SDCT,0.4215293624278187,1,01J2VEJHQMNWB30ED6C4QXPBMT,01J2VEJHQM7P2W9F3QS9Z7VZS4,0.46019586495570286,1,01J2VEJHQM4CYMJRTJD1RQDMSN,01J2VEJHQM1SR4HDR0GRMTKRX0,-0.28549346293863315,1,01J2VEJHQM4CYMJRTJD1RQDMSN,01J2VEJHQM7P2W9F3QS9Z7VZS4,-0.29423570189145926,1,01J2VEJHQM9FFYPAVH3PJSP11P,01J2VEJHQM1SR4HDR0GRMTKRX0,-0.4846976367676672,1,01J2VEJHQM9FFYPAVH3PJSP11P,01J2VEJHQMWYXHN3VWHGV0SDCT,-0.05746920777032896,1,01J2VEJHQM9FFYPAVH3PJSP11P,01J2VEJHQMWYXHN3VWHGV0SDCT,0.22341704048961586,1,01J2VEJHQM9FFYPAVH3PJSP11P,01J2VEJHQM7P2W9F3QS9Z7VZS4,-0.12211681369207117,1,01J2VEJHQM9FFYPAVH3PJSP11P,01J2VEJHQM7P2W9F3QS9Z7VZS4,0.25988131642480217,1,01J2VEJHQMDKGCF2MGG4QDWEB9,01J2VEJHQM1SR4HDR0GRMTKRX0,0.05449327863985076,1,01J2VEJHQMDKGCF2MGG4QDWEB9,01J2VEJHQMWYXHN3VWHGV0SDCT,0.9251297460122527,1,01J2VEJHQMDKGCF2MGG4QDWEB9,01J2VEJHQM7P2W9F3QS9Z7VZS4,-0.6633431897726032,1,01J2VEJHQM9HAX8KD2DBH5VSH6,01J2VEJHQM1SR4HDR0GRMTKRX0,0.14795764886232254,1,01J2VEJHQM9HAX8KD2DBH5VSH6,01J2VEJHQMWYXHN3VWHGV0SDCT,-0.5293875376665184,1,01J2VEJHQM9HAX8KD2DBH5VSH6,01J2VEJHQM7P2W9F3QS9Z7VZS4,0.7406640567681239,1,01J2VEJHQM15YCPRG0F9A64JVJ,01J2VEJHQM7P2W9F3QS9Z7VZS4,0.465666797947453,1,01J2VEJHQMWKGDPQ1R3M7QA6MX,01J2VEJHQM1SR4HDR0GRMTKRX0,-0.8711478567938551,1,01J2VEJHQMWKGDPQ1R3M7QA6MX,01J2VEJHQMWYXHN3VWHGV0SDCT,-0.0042305439907409925,1,01J2VEJHQMWKGDPQ1R3M7QA6MX,01J2VEJHQM7P2W9F3QS9Z7VZS4,0.7242111518940857,1,01J2VEJHQM6MD01HBJ79A57Q0A,01J2VEJHQM1SR4HDR0GRMTKRX0,-0.774781312029341,1,01J2VEJHQM6MD01HBJ79A57Q0A,01J2VEJHQMWYXHN3VWHGV0SDCT,-0.300533359615272,1,01J2VEJHQM6MD01HBJ79A57Q0A,01J2VEJHQM7P2W9F3QS9Z7VZS4,-0.2924352118224331,1,01J2VEJHQMGJGDRJGTPWEAGRJW,01J2VEJHQM1SR4HDR0GRMTKRX0,-1.0,1,01J2VEJHQMGJGDRJGTPWEAGRJW,01J2VEJHQMWYXHN3VWHGV0SDCT,-0.1111701913244067,1,01J2VEJHQMGJGDRJGTPWEAGRJW,01J2VEJHQM7P2W9F3QS9Z7VZS4,-0.07496463247574736,1,01J2VEJHQM15YCPRG0F9A64JVJ,01J2VEJHQMWYXHN3VWHGV0SDCT,0.15434068194862527,1,01J2VEJHQM4CYMJRTJD1RQDMSN,01J2VH1RRVYP6ASKNF8RWYV755,-0.31639933510526763,1,01J2VH1RRVYP6ASKNF8RWYV755,01J2VEJHQMWYXHN3VWHGV0SDCT,-0.5604293377986913,1,01J2VEJHQM15YCPRG0F9A64JVJ,01J2VH1RRVYP6ASKNF8RWYV755,-0.9007911602972166,1,01J2VEJHQM9HAX8KD2DBH5VSH6,01J2VK42805SKDPKTEEB26465D,-0.8719658792327922,1,01J2VK42805SKDPKTEEB26465D,01J2VEJHQM7P2W9F3QS9Z7VZS4,-0.4292513884743946,1,01J2VEJHQMNWB30ED6C4QXPBMT,01J2VKY7Q1EBTD8NA3XJ01HH31,1.0,1,01J2VKY7Q1EBTD8NA3XJ01HH31,01J2VEJHQM1SR4HDR0GRMTKRX0,0.6385658159597144,1
2024-07-15 20:04:55,Gen_17,412.6529806824848,"[10, 3, 3]",35,01J2VEJHQMP86X6NZ908E7D8Y2,01J2VEJHQM1SR4HDR0GRMTKRX0,-0.6616289475836042,1,01J2VEJHQMP86X6NZ908E7D8Y2,01J2VEJHQMWYXHN3VWHGV0SDCT,0.6965467789048918,1,01J2VEJHQMP86X6NZ908E7D8Y2,01J2VEJHQM7P2W9F3QS9Z7VZS4,0.853049870779075,1,01J2VEJHQMNWB30ED6C4QXPBMT,01J2VEJHQM1SR4HDR0GRMTKRX0,-0.9847398440587949,1,01J2VEJHQMNWB30ED6C4QXPBMT,01J2VEJHQMWYXHN3VWHGV0SDCT,0.8607131695742459,1,01J2VEJHQMNWB30ED6C4QXPBMT,01J2VEJHQM7P2W9F3QS9Z7VZS4,0.044198407604405826,1,01J2VEJHQM4CYMJRTJD1RQDMSN,01J2VEJHQM1SR4HDR0GRMTKRX0,-0.9352804931447313,1,01J2VEJHQM4CYMJRTJD1RQDMSN,01J2VEJHQMWYXHN3VWHGV0SDCT,0.3716531804901642,0,01J2VEJHQM4CYMJRTJD1RQDMSN,01J2VEJHQM7P2W9F3QS9Z7VZS4,-0.2031275996637133,1,01J2VEJHQM9FFYPAVH3PJSP11P,01J2VEJHQM1SR4HDR0GRMTKRX0,-0.6114093010445768,1,01J2VEJHQM9FFYPAVH3PJSP11P,01J2VEJHQMWYXHN3VWHGV0SDCT,0.7574468874877361,1,01J2VEJHQM9FFYPAVH3PJSP11P,01J2VEJHQMWYXHN3VWHGV0SDCT,-0.818606668164848,1,01J2VEJHQM9FFYPAVH3PJSP11P,01J2VEJHQM7P2W9F3QS9Z7VZS4,-0.09177510316541859,1,01J2VEVZ6WVY2EH3KTBJJAKQ6X,01J2VEJHQMWYXHN3VWHGV0SDCT,-0.5930519907278881,1,01J2VEJHQMDKGCF2MGG4QDWEB9,01J2VEJHQM1SR4HDR0GRMTKRX0,0.3743028222681347,1,01J2VEJHQMDKGCF2MGG4QDWEB9,01J2VEJHQMWYXHN3VWHGV0SDCT,-0.20192172748399462,1,01J2VEJHQMDKGCF2MGG4QDWEB9,01J2VEJHQM7P2W9F3QS9Z7VZS4,1.0,1,01J2VEJHQM9HAX8KD2DBH5VSH6,01J2VEJHQM1SR4HDR0GRMTKRX0,0.27458421814189493,1,01J2VEJHQM9HAX8KD2DBH5VSH6,01J2VEJHQMWYXHN3VWHGV0SDCT,-0.25445044279522305,1,01J2VEJHQM9HAX8KD2DBH5VSH6,01J2VEJHQM7P2W9F3QS9Z7VZS4,-0.3882287919715136,1,01J2VEJHQM15YCPRG0F9A64JVJ,01J2VEJHQM1SR4HDR0GRMTKRX0,0.40587200146445856,1,01J2VEJHQM15YCPRG0F9A64JVJ,01J2VEJHQM7P2W9F3QS9Z7VZS4,0.7761928257079136,1,01J2VEJHQMWKGDPQ1R3M7QA6MX,01J2VEJHQMWYXHN3VWHGV0SDCT,0.545262797597204,1,01J2VEJHQMWKGDPQ1R3M7QA6MX,01J2VEJHQM7P2W9F3QS9Z7VZS4,0.764998811904294,1,01J2VEJHQM6MD01HBJ79A57Q0A,01J2VEJHQM1SR4HDR0GRMTKRX0,0.7987507427311407,1,01J2VEJHQM6MD01HBJ79A57Q0A,01J2VEJHQMWYXHN3VWHGV0SDCT,0.15393568404898691,1,01J2VEJHQM6MD01HBJ79A57Q0A,01J2VEJHQM7P2W9F3QS9Z7VZS4,-0.5081756593403766,1,01J2VEJHQMGJGDRJGTPWEAGRJW,01J2VEJHQM1SR4HDR0GRMTKRX0,0.6926310841472534,1,01J2VEJHQMGJGDRJGTPWEAGRJW,01J2VEJHQMWYXHN3VWHGV0SDCT,-0.910906277307662,1,01J2VEJHQMGJGDRJGTPWEAGRJW,01J2VEJHQM7P2W9F3QS9Z7VZS4,-0.22645686677936772,1,01J2VEJHQMWKGDPQ1R3M7QA6MX,01J2VHECD2HV3Z2KY2CZVPF7T9,-0.8680989022213583,1,01J2VHECD2HV3Z2KY2CZVPF7T9,01J2VEJHQM1SR4HDR0GRMTKRX0,-0.11541410582445429,1,01J2VEJHQMNWB30ED6C4QXPBMT,01J2VEVZ6WVY2EH3KTBJJAKQ6X,-0.8332975840845973,1,01J2VEJHQM4CYMJRTJD1RQDMSN,01J2VN6FR8AHT3JK2VE9GY63H4,1.0,1,01J2VN6FR8AHT3JK2VE9GY63H4,01J2VEJHQMWYXHN3VWHGV0SDCT,0.3716531804901642,1
2024-07-15 20:12:58,Gen_18,5.92249999999994,"[10, 2, 3]",33,01J2VEJHQMP86X6NZ908E7D8Y2,01J2VEJHQM1SR4HDR0GRMTKRX0,-0.27103482053030514,1,01J2VEJHQMP86X6NZ908E7D8Y2,01J2VEJHQMWYXHN3VWHGV0SDCT,-0.9503883002538458,1,01J2VEJHQMP86X6NZ908E7D8Y2,01J2VEJHQM7P2W9F3QS9Z7VZS4,0.8128655400316285,1,01J2VEJHQMNWB30ED6C4QXPBMT,01J2VEJHQM1SR4HDR0GRMTKRX0,-0.957663709271519,1,01J2VEJHQMNWB30ED6C4QXPBMT,01J2VEJHQMWYXHN3VWHGV0SDCT,-0.9527743622580751,1,01J2VEJHQMNWB30ED6C4QXPBMT,01J2VEJHQM7P2W9F3QS9Z7VZS4,-0.6410526417081929,1,01J2VEJHQM4CYMJRTJD1RQDMSN,01J2VEJHQM1SR4HDR0GRMTKRX0,-0.22880056771821175,1,01J2VEJHQM4CYMJRTJD1RQDMSN,01J2VEJHQMWYXHN3VWHGV0SDCT,-0.5055014647808898,1,01J2VEJHQM4CYMJRTJD1RQDMSN,01J2VEJHQM7P2W9F3QS9Z7VZS4,0.48275853297098137,1,01J2VEJHQM9FFYPAVH3PJSP11P,01J2VEJHQM1SR4HDR0GRMTKRX0,-0.655998477760855,1,01J2VEJHQM9FFYPAVH3PJSP11P,01J2VEJHQMWYXHN3VWHGV0SDCT,0.882255354588817,1,01J2VEJHQM9FFYPAVH3PJSP11P,01J2VEJHQMWYXHN3VWHGV0SDCT,0.5891871513851179,1,01J2VEJHQM9FFYPAVH3PJSP11P,01J2VEJHQM7P2W9F3QS9Z7VZS4,0.23646380733849615,1,01J2VEJHQM9FFYPAVH3PJSP11P,01J2VEJHQM7P2W9F3QS9Z7VZS4,-0.26551704361756123,1,01J2VEJHQMDKGCF2MGG4QDWEB9,01J2VEJHQM1SR4HDR0GRMTKRX0,0.7336232424123341,1,01J2VEJHQMDKGCF2MGG4QDWEB9,01J2VEJHQMWYXHN3VWHGV0SDCT,0.5169651380287618,1,01J2VEJHQMDKGCF2MGG4QDWEB9,01J2VEJHQM7P2W9F3QS9Z7VZS4,-0.9763227350737985,1,01J2VEJHQM9HAX8KD2DBH5VSH6,01J2VEJHQM1SR4HDR0GRMTKRX0,0.6631084497618045,1,01J2VEJHQM9HAX8KD2DBH5VSH6,01J2VEJHQMWYXHN3VWHGV0SDCT,-0.2805733874540456,1,01J2VEJHQM9HAX8KD2DBH5VSH6,01J2VEJHQM7P2W9F3QS9Z7VZS4,-0.23548851511671276,1,01J2VEJHQM15YCPRG0F9A64JVJ,01J2VEJHQM1SR4HDR0GRMTKRX0,0.8207838245097657,1,01J2VEJHQM15YCPRG0F9A64JVJ,01J2VEJHQM7P2W9F3QS9Z7VZS4,0.5083021497256639,1,01J2VEJHQMWKGDPQ1R3M7QA6MX,01J2VEJHQMWYXHN3VWHGV0SDCT,0.8802675685704083,1,01J2VEJHQMWKGDPQ1R3M7QA6MX,01J2VEJHQM7P2W9F3QS9Z7VZS4,0.8026360094728929,1,01J2VEJHQM6MD01HBJ79A57Q0A,01J2VEJHQM1SR4HDR0GRMTKRX0,1.0,1,01J2VEJHQM6MD01HBJ79A57Q0A,01J2VEJHQMWYXHN3VWHGV0SDCT,0.9877124565425213,1,01J2VEJHQM6MD01HBJ79A57Q0A,01J2VEJHQM7P2W9F3QS9Z7VZS4,-0.23589901961691812,1,01J2VEJHQMGJGDRJGTPWEAGRJW,01J2VEJHQM1SR4HDR0GRMTKRX0,-1.0,1,01J2VEJHQMGJGDRJGTPWEAGRJW,01J2VEJHQMWYXHN3VWHGV0SDCT,-0.8494519994147448,1,01J2VEJHQMGJGDRJGTPWEAGRJW,01J2VEJHQM7P2W9F3QS9Z7VZS4,-0.06134276198573233,1,01J2VEJHQMWKGDPQ1R3M7QA6MX,01J2VHECD2HV3Z2KY2CZVPF7T9,-0.5193906871823435,1,01J2VHECD2HV3Z2KY2CZVPF7T9,01J2VEJHQM1SR4HDR0GRMTKRX0,0.4179038078476488,1,01J2VEJHQMNWB30ED6C4QXPBMT,01J2VEVZ6WVY2EH3KTBJJAKQ6X,-0.9160788019065382,1
2024-07-15 20:20:16,Gen_19,6.34749999999993,"[10, 1, 3]",34,01J2VEJHQMP86X6NZ908E7D8Y2,01J2VEJHQM1SR4HDR0GRMTKRX0,0.32453168379269337,1,01J2VEJHQMP86X6NZ908E7D8Y2,01J2VEJHQMWYXHN3VWHGV0SDCT,0.540353456662181,1,01J2VEJHQMP86X6NZ908E7D8Y2,01J2VEJHQM7P2W9F3QS9Z7VZS4,0.6627070565984166,1,01J2VEJHQMNWB30ED6C4QXPBMT,01J2VEJHQM1SR4HDR0GRMTKRX0,-0.717361897030371,1,01J2VEJHQMNWB30ED6C4QXPBMT,01J2VEJHQMWYXHN3VWHGV0SDCT,0.356228163443696,1,01J2VEJHQMNWB30ED6C4QXPBMT,01J2VEJHQM7P2W9F3QS9Z7VZS4,-0.7224671565713963,1,01J2VEJHQM4CYMJRTJD1RQDMSN,01J2VEJHQM1SR4HDR0GRMTKRX0,0.16332699909282533,1,01J2VEJHQM4CYMJRTJD1RQDMSN,01J2VEJHQM7P2W9F3QS9Z7VZS4,-0.8440696417931921,1,01J2VEJHQM9FFYPAVH3PJSP11P,01J2VEJHQM1SR4HDR0GRMTKRX0,-0.49936925873508964,1,01J2VEJHQM9FFYPAVH3PJSP11P,01J2VEJHQMWYXHN3VWHGV0SDCT,0.22215772679377313,1,01J2VEJHQM9FFYPAVH3PJSP11P,01J2VEJHQM7P2W9F3QS9Z7VZS4,-0.7813062435708814,1,01J2VEJHQMDKGCF2MGG4QDWEB9,01J2VEJHQM1SR4HDR0GRMTKRX0,-0.07440707523716275,1,01J2VEJHQMDKGCF2MGG4QDWEB9,01J2VEJHQMWYXHN3VWHGV0SDCT,-0.18176716467916315,1,01J2VEJHQMDKGCF2MGG4QDWEB9,01J2VEJHQM7P2W9F3QS9Z7VZS4,0.09374582090238578,1,01J2VEJHQM9HAX8KD2DBH5VSH6,01J2VEJHQM1SR4HDR0GRMTKRX0,-0.33835373627976223,1,01J2VEJHQM9HAX8KD2DBH5VSH6,01J2VEJHQMWYXHN3VWHGV0SDCT,-0.7281731796442771,1,01J2VEJHQM9HAX8KD2DBH5VSH6,01J2VEJHQM7P2W9F3QS9Z7VZS4,-0.2336751701441777,1,01J2VEJHQM15YCPRG0F9A64JVJ,01J2VEJHQM1SR4HDR0GRMTKRX0,0.18275240464123377,1,01J2VEJHQM15YCPRG0F9A64JVJ,01J2VEJHQMWYXHN3VWHGV0SDCT,0.045559187750008515,1,01J2VEJHQM15YCPRG0F9A64JVJ,01J2VEJHQM7P2W9F3QS9Z7VZS4,-1.0,1,01J2VEJHQMWKGDPQ1R3M7QA6MX,01J2VEJHQM1SR4HDR0GRMTKRX0,-0.7931478390641701,1,01J2VEJHQMWKGDPQ1R3M7QA6MX,01J2VEJHQMWYXHN3VWHGV0SDCT,0.7791142871826848,1,01J2VEJHQMWKGDPQ1R3M7QA6MX,01J2VEJHQM7P2W9F3QS9Z7VZS4,0.13518381146567549,1,01J2VEJHQMWKGDPQ1R3M7QA6MX,01J2VEJHQM7P2W9F3QS9Z7VZS4,0.17699696980330135,1,01J2VEJHQM6MD01HBJ79A57Q0A,01J2VEJHQM1SR4HDR0GRMTKRX0,-0.9600387121581803,1,01J2VEJHQM6MD01HBJ79A57Q0A,01J2VEJHQM1SR4HDR0GRMTKRX0,-0.492071918759288,1,01J2VEJHQM6MD01HBJ79A57Q0A,01J2VEJHQMWYXHN3VWHGV0SDCT,1.0,1,01J2VEJHQMGJGDRJGTPWEAGRJW,01J2VEJHQM1SR4HDR0GRMTKRX0,0.8251128180235391,1,01J2VEJHQMGJGDRJGTPWEAGRJW,01J2VEJHQMWYXHN3VWHGV0SDCT,-0.054125864933551926,1,01J2VEJHQMGJGDRJGTPWEAGRJW,01J2VEJHQM7P2W9F3QS9Z7VZS4,-0.3772530898257649,1,01J2VEJHQM4CYMJRTJD1RQDMSN,01J2VHECDECN330G3BGETPJHJ2,-0.1460200150960114,1,01J2VHECDECN330G3BGETPJHJ2,01J2VEJHQMWYXHN3VWHGV0SDCT,0.5798411168305695,1,01J2VEJHQM9FFYPAVH3PJSP11P,01J2VHECDECN330G3BGETPJHJ2,0.025731892783083535,1,01J2VEJHQMWKGDPQ1R3M7QA6MX,01J2VHECDECN330G3BGETPJHJ2,-0.11577953067285346,1
2024-07-15 20:27:32,Gen_20,5.769999999999943,"[10, 1, 3]",34,01J2VEJHQMP86X6NZ908E7D8Y2,01J2VEJHQM1SR4HDR0GRMTKRX0,-0.1644591133531097,1,01J2VEJHQMP86X6NZ908E7D8Y2,01J2VEJHQMWYXHN3VWHGV0SDCT,0.5996882999427167,1,01J2VEJHQMP86X6NZ908E7D8Y2,01J2VEJHQM7P2W9F3QS9Z7VZS4,0.8621823526540757,1,01J2VEJHQMNWB30ED6C4QXPBMT,01J2VEJHQM1SR4HDR0GRMTKRX0,-0.5467887318232658,1,01J2VEJHQMNWB30ED6C4QXPBMT,01J2VEJHQMWYXHN3VWHGV0SDCT,0.3978214421501416,1,01J2VEJHQMNWB30ED6C4QXPBMT,01J2VEJHQM7P2W9F3QS9Z7VZS4,-0.8165721729676987,1,01J2VEJHQM4CYMJRTJD1RQDMSN,01J2VEJHQM1SR4HDR0GRMTKRX0,0.2073304309988722,1,01J2VEJHQM4CYMJRTJD1RQDMSN,01J2VEJHQM7P2W9F3QS9Z7VZS4,-0.92231180250169,1,01J2VEJHQM9FFYPAVH3PJSP11P,01J2VEJHQM1SR4HDR0GRMTKRX0,-0.42066128226542504,1,01J2VEJHQM9FFYPAVH3PJSP11P,01J2VEJHQMWYXHN3VWHGV0SDCT,0.1483867602801907,1,01J2VEJHQM9FFYPAVH3PJSP11P,01J2VEJHQM7P2W9F3QS9Z7VZS4,-0.43579398995706176,1,01J2VEJHQMDKGCF2MGG4QDWEB9,01J2VEJHQM1SR4HDR0GRMTKRX0,0.625277656230172,1,01J2VEJHQMDKGCF2MGG4QDWEB9,01J2VEJHQMWYXHN3VWHGV0SDCT,-0.206897726443944,1,01J2VEJHQMDKGCF2MGG4QDWEB9,01J2VEJHQM7P2W9F3QS9Z7VZS4,0.08954327482439606,1,01J2VEJHQM9HAX8KD2DBH5VSH6,01J2VEJHQM1SR4HDR0GRMTKRX0,-0.41367437661730877,1,01J2VEJHQM9HAX8KD2DBH5VSH6,01J2VEJHQMWYXHN3VWHGV0SDCT,0.7079048735984752,1,01J2VEJHQM9HAX8KD2DBH5VSH6,01J2VEJHQM7P2W9F3QS9Z7VZS4,-0.2336751701441777,1,01J2VEJHQM15YCPRG0F9A64JVJ,01J2VEJHQM1SR4HDR0GRMTKRX0,0.05739352399829575,1,01J2VEJHQM15YCPRG0F9A64JVJ,01J2VEJHQMWYXHN3VWHGV0SDCT,0.7196989119219549,1,01J2VEJHQM15YCPRG0F9A64JVJ,01J2VEJHQM7P2W9F3QS9Z7VZS4,-0.9032192534298626,1,01J2VEJHQMWKGDPQ1R3M7QA6MX,01J2VEJHQM1SR4HDR0GRMTKRX0,-0.7229823849892407,1,01J2VEJHQMWKGDPQ1R3M7QA6MX,01J2VEJHQMWYXHN3VWHGV0SDCT,-0.4070325639641559,1,01J2VEJHQMWKGDPQ1R3M7QA6MX,01J2VEJHQM7P2W9F3QS9Z7VZS4,0.20836216838143812,1,01J2VEJHQMWKGDPQ1R3M7QA6MX,01J2VEJHQM7P2W9F3QS9Z7VZS4,0.04274250043294664,1,01J2VEJHQM6MD01HBJ79A57Q0A,01J2VEJHQM1SR4HDR0GRMTKRX0,-0.9775487982096946,1,01J2VEJHQM6MD01HBJ79A57Q0A,01J2VEJHQM1SR4HDR0GRMTKRX0,-1.0,1,01J2VEJHQM6MD01HBJ79A57Q0A,01J2VEJHQMWYXHN3VWHGV0SDCT,1.0,1,01J2VEJHQMGJGDRJGTPWEAGRJW,01J2VEJHQM1SR4HDR0GRMTKRX0,0.8899137822326241,1,01J2VEJHQMGJGDRJGTPWEAGRJW,01J2VEJHQMWYXHN3VWHGV0SDCT,-0.1517434252177945,1,01J2VEJHQMGJGDRJGTPWEAGRJW,01J2VEJHQM7P2W9F3QS9Z7VZS4,-0.36510922475068835,1,01J2VEJHQM4CYMJRTJD1RQDMSN,01J2VHECDECN330G3BGETPJHJ2,-0.11078556873435427,1,01J2VHECDECN330G3BGETPJHJ2,01J2VEJHQMWYXHN3VWHGV0SDCT,0.14459645973253848,1,01J2VEJHQM9FFYPAVH3PJSP11P,01J2VHECDECN330G3BGETPJHJ2,0.014678092098857162,1,01J2VEJHQMWKGDPQ1R3M7QA6MX,01J2VHECDECN330G3BGETPJHJ2,-0.09350485420208704,1
2024-07-15 20:34:26,Gen_21,5.91249999999994,"[10, 1, 3]",34,01J2VEJHQMP86X6NZ908E7D8Y2,01J2VEJHQM1SR4HDR0GRMTKRX0,-0.08650186373143455,1,01J2VEJHQMP86X6NZ908E7D8Y2,01J2VEJHQMWYXHN3VWHGV0SDCT,0.6116135790873957,1,01J2VEJHQMP86X6NZ908E7D8Y2,01J2VEJHQM7P2W9F3QS9Z7VZS4,0.6278857521802611,1,01J2VEJHQMNWB30ED6C4QXPBMT,01J2VEJHQM1SR4HDR0GRMTKRX0,-0.8150970329899063,1,01J2VEJHQMNWB30ED6C4QXPBMT,01J2VEJHQMWYXHN3VWHGV0SDCT,0.207963191174077,1,01J2VEJHQMNWB30ED6C4QXPBMT,01J2VEJHQM7P2W9F3QS9Z7VZS4,-0.8275506803788751,1,01J2VEJHQM4CYMJRTJD1RQDMSN,01J2VEJHQM1SR4HDR0GRMTKRX0,0.11523738565115148,1,01J2VEJHQM4CYMJRTJD1RQDMSN,01J2VEJHQM7P2W9F3QS9Z7VZS4,-0.7998991581640112,1,01J2VEJHQM9FFYPAVH3PJSP11P,01J2VEJHQM1SR4HDR0GRMTKRX0,0.18037774174311869,1,01J2VEJHQM9FFYPAVH3PJSP11P,01J2VEJHQMWYXHN3VWHGV0SDCT,0.2293685056367365,1,01J2VEJHQM9FFYPAVH3PJSP11P,01J2VEJHQM7P2W9F3QS9Z7VZS4,-0.7328139962383163,1,01J2VEJHQMDKGCF2MGG4QDWEB9,01J2VEJHQM1SR4HDR0GRMTKRX0,0.5398365782066673,1,01J2VEJHQMDKGCF2MGG4QDWEB9,01J2VEJHQMWYXHN3VWHGV0SDCT,0.1590599976619315,1,01J2VEJHQMDKGCF2MGG4QDWEB9,01J2VEJHQM7P2W9F3QS9Z7VZS4,0.09921476965705621,1,01J2VEJHQM9HAX8KD2DBH5VSH6,01J2VEJHQM1SR4HDR0GRMTKRX0,-0.41016696980610223,1,01J2VEJHQM9HAX8KD2DBH5VSH6,01J2VEJHQMWYXHN3VWHGV0SDCT,0.05015981281168913,1,01J2VEJHQM9HAX8KD2DBH5VSH6,01J2VEJHQM7P2W9F3QS9Z7VZS4,-0.46681974835311674,1,01J2VEJHQM15YCPRG0F9A64JVJ,01J2VEJHQM1SR4HDR0GRMTKRX0,0.26301982415291436,1,01J2VEJHQM15YCPRG0F9A64JVJ,01J2VEJHQMWYXHN3VWHGV0SDCT,0.8773608277366173,1,01J2VEJHQM15YCPRG0F9A64JVJ,01J2VEJHQM7P2W9F3QS9Z7VZS4,-1.0,1,01J2VEJHQMWKGDPQ1R3M7QA6MX,01J2VEJHQM1SR4HDR0GRMTKRX0,-0.7648928250920833,1,01J2VEJHQMWKGDPQ1R3M7QA6MX,01J2VEJHQMWYXHN3VWHGV0SDCT,0.7142618553232657,1,01J2VEJHQMWKGDPQ1R3M7QA6MX,01J2VEJHQM7P2W9F3QS9Z7VZS4,0.2008862674147543,1,01J2VEJHQMWKGDPQ1R3M7QA6MX,01J2VEJHQM7P2W9F3QS9Z7VZS4,0.11420358947271574,1,01J2VEJHQM6MD01HBJ79A57Q0A,01J2VEJHQM1SR4HDR0GRMTKRX0,-0.9600387121581803,1,01J2VEJHQM6MD01HBJ79A57Q0A,01J2VEJHQM1SR4HDR0GRMTKRX0,-0.43272899196353176,1,01J2VEJHQM6MD01HBJ79A57Q0A,01J2VEJHQMWYXHN3VWHGV0SDCT,0.9014935897931403,1,01J2VEJHQMGJGDRJGTPWEAGRJW,01J2VEJHQM1SR4HDR0GRMTKRX0,0.5097135833971559,1,01J2VEJHQMGJGDRJGTPWEAGRJW,01J2VEJHQMWYXHN3VWHGV0SDCT,-0.16630630330546567,1,01J2VEJHQMGJGDRJGTPWEAGRJW,01J2VEJHQM7P2W9F3QS9Z7VZS4,-0.4465351229391141,1,01J2VEJHQM4CYMJRTJD1RQDMSN,01J2VHECDECN330G3BGETPJHJ2,-0.2408150754133886,1,01J2VHECDECN330G3BGETPJHJ2,01J2VEJHQMWYXHN3VWHGV0SDCT,-0.7814576534651712,1,01J2VEJHQM9FFYPAVH3PJSP11P,01J2VHECDECN330G3BGETPJHJ2,-0.12591749356464949,1,01J2VEJHQMWKGDPQ1R3M7QA6MX,01J2VHECDECN330G3BGETPJHJ2,-0.3240158812574598,1
2024-07-15 20:41:17,Gen_22,5.587499999999946,"[10, 3, 3]",34,01J2VEJHQMP86X6NZ908E7D8Y2,01J2VEJHQM1SR4HDR0GRMTKRX0,0.6995820767480718,1,01J2VEJHQMP86X6NZ908E7D8Y2,01J2VEJHQMWYXHN3VWHGV0SDCT,0.760557844393044,1,01J2VEJHQMP86X6NZ908E7D8Y2,01J2VEJHQM7P2W9F3QS9Z7VZS4,1.0,1,01J2VEJHQMNWB30ED6C4QXPBMT,01J2VEJHQM1SR4HDR0GRMTKRX0,-0.874250594383401,1,01J2VEJHQMNWB30ED6C4QXPBMT,01J2VEJHQMWYXHN3VWHGV0SDCT,0.8823060790734429,1,01J2VEJHQMNWB30ED6C4QXPBMT,01J2VEJHQM7P2W9F3QS9Z7VZS4,-0.855069769504659,1,01J2VEJHQM4CYMJRTJD1RQDMSN,01J2VEJHQM1SR4HDR0GRMTKRX0,-0.9746670992600976,1,01J2VEJHQM4CYMJRTJD1RQDMSN,01J2VEJHQMWYXHN3VWHGV0SDCT,0.8300201303855526,1,01J2VEJHQM4CYMJRTJD1RQDMSN,01J2VEJHQM7P2W9F3QS9Z7VZS4,-0.3098111103117932,1,01J2VEJHQM9FFYPAVH3PJSP11P,01J2VEJHQM1SR4HDR0GRMTKRX0,0.3147559113853666,1,01J2VEJHQM9FFYPAVH3PJSP11P,01J2VEJHQMWYXHN3VWHGV0SDCT,0.863421878034639,1,01J2VEJHQM9FFYPAVH3PJSP11P,01J2VEJHQM7P2W9F3QS9Z7VZS4,-0.13138744344658304,1,01J2VEVZ6WVY2EH3KTBJJAKQ6X,01J2VEJHQMWYXHN3VWHGV0SDCT,-0.6048346158714945,1,01J2VEJHQMDKGCF2MGG4QDWEB9,01J2VEJHQM1SR4HDR0GRMTKRX0,0.783023574917251,1,01J2VEJHQMDKGCF2MGG4QDWEB9,01J2VEJHQMWYXHN3VWHGV0SDCT,-0.9787796962561651,1,01J2VEJHQMDKGCF2MGG4QDWEB9,01J2VEJHQM7P2W9F3QS9Z7VZS4,0.9616138557811814,1,01J2VEJHQM9HAX8KD2DBH5VSH6,01J2VEJHQM1SR4HDR0GRMTKRX0,0.5229253881811196,1,01J2VEJHQM9HAX8KD2DBH5VSH6,01J2VEJHQMWYXHN3VWHGV0SDCT,-0.12272041521903623,1,01J2VEJHQM9HAX8KD2DBH5VSH6,01J2VEJHQM7P2W9F3QS9Z7VZS4,-0.24618667388413346,1,01J2VEJHQM15YCPRG0F9A64JVJ,01J2VEJHQM1SR4HDR0GRMTKRX0,-1.0,1,01J2VEJHQM15YCPRG0F9A64JVJ,01J2VEJHQM7P2W9F3QS9Z7VZS4,0.8723035109973498,1,01J2VEJHQMWKGDPQ1R3M7QA6MX,01J2VEJHQMWYXHN3VWHGV0SDCT,0.525409165790399,1,01J2VEJHQMWKGDPQ1R3M7QA6MX,01J2VEJHQM7P2W9F3QS9Z7VZS4,0.8445233070400628,1,01J2VEJHQM6MD01HBJ79A57Q0A,01J2VEJHQM1SR4HDR0GRMTKRX0,0.7473746696151456,1,01J2VEJHQM6MD01HBJ79A57Q0A,01J2VEJHQMWYXHN3VWHGV0SDCT,0.12602119292161684,1,01J2VEJHQM6MD01HBJ79A57Q0A,01J2VEJHQM7P2W9F3QS9Z7VZS4,0.7379788890105793,1,01J2VEJHQMGJGDRJGTPWEAGRJW,01J2VEJHQM1SR4HDR0GRMTKRX0,0.503627133323332,1,01J2VEJHQMGJGDRJGTPWEAGRJW,01J2VEJHQMWYXHN3VWHGV0SDCT,-0.893323536169569,1,01J2VEJHQMGJGDRJGTPWEAGRJW,01J2VEJHQM7P2W9F3QS9Z7VZS4,0.06045951741872643,1,01J2VEJHQMWKGDPQ1R3M7QA6MX,01J2VHECD2HV3Z2KY2CZVPF7T9,-0.7043136542874949,1,01J2VHECD2HV3Z2KY2CZVPF7T9,01J2VEJHQM1SR4HDR0GRMTKRX0,-0.06773179607388147,1,01J2VEJHQMNWB30ED6C4QXPBMT,01J2VEVZ6WVY2EH3KTBJJAKQ6X,-0.9792070666868192,1,01J2VEJHQM4CYMJRTJD1RQDMSN,01J2VN6FR8AHT3JK2VE9GY63H4,1.0,1,01J2VN6FR8AHT3JK2VE9GY63H4,01J2VEJHQMWYXHN3VWHGV0SDCT,0.42412465290286977,1
2024-07-15 20:48:19,Gen_23,5.584999999999946,"[10, 3, 3]",36,01J2VEJHQMP86X6NZ908E7D8Y2,01J2VEJHQM1SR4HDR0GRMTKRX0,0.43226354989421245,1,01J2VEJHQMP86X6NZ908E7D8Y2,01J2VEJHQMWYXHN3VWHGV0SDCT,0.771643278424441,1,01J2VEJHQMP86X6NZ908E7D8Y2,01J2VEJHQM7P2W9F3QS9Z7VZS4,1.0,1,01J2VEJHQMNWB30ED6C4QXPBMT,01J2VEJHQM1SR4HDR0GRMTKRX0,-1.0,1,01J2VEJHQMNWB30ED6C4QXPBMT,01J2VEJHQMWYXHN3VWHGV0SDCT,0.9016577705801243,1,01J2VEJHQMNWB30ED6C4QXPBMT,01J2VEJHQM7P2W9F3QS9Z7VZS4,-0.5611640867890615,1,01J2VEJHQM4CYMJRTJD1RQDMSN,01J2VEJHQM1SR4HDR0GRMTKRX0,-0.4658505287008461,1,01J2VEJHQM4CYMJRTJD1RQDMSN,01J2VEJHQMWYXHN3VWHGV0SDCT,-0.7099071027109913,1,01J2VEJHQM4CYMJRTJD1RQDMSN,01J2VEJHQM7P2W9F3QS9Z7VZS4,-0.37856534910532424,1,01J2VEJHQM9FFYPAVH3PJSP11P,01J2VEJHQM1SR4HDR0GRMTKRX0,-0.8580366795204774,1,01J2VEJHQM9FFYPAVH3PJSP11P,01J2VEJHQMWYXHN3VWHGV0SDCT,0.7273464545401136,1,01J2VEJHQM9FFYPAVH3PJSP11P,01J2VEJHQMWYXHN3VWHGV0SDCT,0.9006327750917651,1,01J2VEJHQM9FFYPAVH3PJSP11P,01J2VEJHQM7P2W9F3QS9Z7VZS4,-0.2133553999474439,1,01J2VEJHQM9FFYPAVH3PJSP11P,01J2VEJHQM7P2W9F3QS9Z7VZS4,-0.026722382376513545,1,01J2VEJHQMDKGCF2MGG4QDWEB9,01J2VEJHQM1SR4HDR0GRMTKRX0,0.8091406065575948,1,01J2VEJHQMDKGCF2MGG4QDWEB9,01J2VEJHQMWYXHN3VWHGV0SDCT,-0.9558337140516175,1,01J2VEJHQMDKGCF2MGG4QDWEB9,01J2VEJHQM7P2W9F3QS9Z7VZS4,0.9481338500988445,1,01J2VEJHQM9HAX8KD2DBH5VSH6,01J2VEJHQM1SR4HDR0GRMTKRX0,0.6094626722076594,1,01J2VEJHQM9HAX8KD2DBH5VSH6,01J2VEJHQMWYXHN3VWHGV0SDCT,-0.2121966946882577,1,01J2VEJHQM9HAX8KD2DBH5VSH6,01J2VEJHQM7P2W9F3QS9Z7VZS4,-0.07037671993476824,1,01J2VEJHQM15YCPRG0F9A64JVJ,01J2VEJHQM1SR4HDR0GRMTKRX0,-0.7956431510331861,1,01J2VEJHQM15YCPRG0F9A64JVJ,01J2VEJHQM7P2W9F3QS9Z7VZS4,1.0,1,01J2VEJHQMWKGDPQ1R3M7QA6MX,01J2VEJHQMWYXHN3VWHGV0SDCT,1.0,1,01J2VEJHQMWKGDPQ1R3M7QA6MX,01J2VEJHQM7P2W9F3QS9Z7VZS4,-0.6955925468969937,1,01J2VEJHQM6MD01HBJ79A57Q0A,01J2VEJHQM1SR4HDR0GRMTKRX0,0.6476294405126914,1,01J2VEJHQM6MD01HBJ79A57Q0A,01J2VEJHQMWYXHN3VWHGV0SDCT,0.15168053503111187,1,01J2VEJHQM6MD01HBJ79A57Q0A,01J2VEJHQM7P2W9F3QS9Z7VZS4,0.6993322573556708,1,01J2VEJHQMGJGDRJGTPWEAGRJW,01J2VEJHQM1SR4HDR0GRMTKRX0,0.6905220738355213,1,01J2VEJHQMGJGDRJGTPWEAGRJW,01J2VEJHQMWYXHN3VWHGV0SDCT,-0.9242414733981785,1,01J2VEJHQMGJGDRJGTPWEAGRJW,01J2VEJHQM7P2W9F3QS9Z7VZS4,0.14265566724729656,1,01J2VEJHQMWKGDPQ1R3M7QA6MX,01J2VHECD2HV3Z2KY2CZVPF7T9,-0.6977795501686989,1,01J2VHECD2HV3Z2KY2CZVPF7T9,01J2VEJHQM1SR4HDR0GRMTKRX0,-0.05692001243130981,1,01J2VEJHQMNWB30ED6C4QXPBMT,01J2VEVZ6WVY2EH3KTBJJAKQ6X,-0.04659182965640407,1,01J2VEJHQM4CYMJRTJD1RQDMSN,01J2VN6FR8AHT3JK2VE9GY63H4,0.9444621824655435,1,01J2VN6FR8AHT3JK2VE9GY63H4,01J2VEJHQMWYXHN3VWHGV0SDCT,0.4327126145136071,1,01J2VEJHQMNWB30ED6C4QXPBMT,01J2VHECD2HV3Z2KY2CZVPF7T9,0.22152469295498553,1
2024-07-15 20:55:20,Gen_24,5.039999999999958,"[10, 5, 3]",37,01J2VEJHQMP86X6NZ908E7D8Y2,01J2VEJHQM1SR4HDR0GRMTKRX0,-0.47380069043859546,1,01J2VEJHQMP86X6NZ908E7D8Y2,01J2VEJHQMWYXHN3VWHGV0SDCT,0.8287514643767493,1,01J2VEJHQMP86X6NZ908E7D8Y2,01J2VEJHQM7P2W9F3QS9Z7VZS4,0.9540456650554394,1,01J2VEJHQMNWB30ED6C4QXPBMT,01J2VEJHQM1SR4HDR0GRMTKRX0,-0.9171529936565659,1,01J2VEJHQMNWB30ED6C4QXPBMT,01J2VEJHQMWYXHN3VWHGV0SDCT,-0.7560296718908783,1,01J2VEJHQMNWB30ED6C4QXPBMT,01J2VEJHQM7P2W9F3QS9Z7VZS4,-0.7250395045435196,1,01J2VEJHQM4CYMJRTJD1RQDMSN,01J2VEJHQM1SR4HDR0GRMTKRX0,-0.8777449640849657,1,01J2VEJHQM4CYMJRTJD1RQDMSN,01J2VEJHQMWYXHN3VWHGV0SDCT,0.3393041648238718,1,01J2VEJHQM4CYMJRTJD1RQDMSN,01J2VEJHQM7P2W9F3QS9Z7VZS4,-0.10527244065837488,1,01J2VEJHQM9FFYPAVH3PJSP11P,01J2VEJHQM1SR4HDR0GRMTKRX0,-0.5350565803645995,1,01J2VEJHQM9FFYPAVH3PJSP11P,01J2VEJHQMWYXHN3VWHGV0SDCT,1.0,1,01J2VEJHQM9FFYPAVH3PJSP11P,01J2VEJHQM7P2W9F3QS9Z7VZS4,-0.1919881675043058,1,01J2VEVZ6WVY2EH3KTBJJAKQ6X,01J2VEJHQMWYXHN3VWHGV0SDCT,-0.7479755801340734,1,01J2VEJHQMDKGCF2MGG4QDWEB9,01J2VEJHQM1SR4HDR0GRMTKRX0,0.8628943753939499,1,01J2VEJHQMDKGCF2MGG4QDWEB9,01J2VEJHQMWYXHN3VWHGV0SDCT,0.9392439858196959,1,01J2VEJHQMDKGCF2MGG4QDWEB9,01J2VEJHQM7P2W9F3QS9Z7VZS4,1.0,1,01J2VEJHQM9HAX8KD2DBH5VSH6,01J2VEJHQM1SR4HDR0GRMTKRX0,0.6706846629374634,1,01J2VEJHQM9HAX8KD2DBH5VSH6,01J2VEJHQMWYXHN3VWHGV0SDCT,-0.2903290429750853,1,01J2VEJHQM9HAX8KD2DBH5VSH6,01J2VEJHQM7P2W9F3QS9Z7VZS4,0.04468634377719327,1,01J2VEJHQM15YCPRG0F9A64JVJ,01J2VEJHQM1SR4HDR0GRMTKRX0,1.0,1,01J2VEJHQM15YCPRG0F9A64JVJ,01J2VEJHQM7P2W9F3QS9Z7VZS4,0.8056841537963068,1,01J2VEJHQMWKGDPQ1R3M7QA6MX,01J2VEJHQMWYXHN3VWHGV0SDCT,0.5074980578932734,1,01J2VEJHQMWKGDPQ1R3M7QA6MX,01J2VEJHQM7P2W9F3QS9Z7VZS4,0.8048416479426432,1,01J2VEJHQM6MD01HBJ79A57Q0A,01J2VEJHQM1SR4HDR0GRMTKRX0,0.7399997980508556,1,01J2VEJHQM6MD01HBJ79A57Q0A,01J2VEJHQMWYXHN3VWHGV0SDCT,0.11765199250295802,1,01J2VEJHQM6MD01HBJ79A57Q0A,01J2VEJHQM7P2W9F3QS9Z7VZS4,0.6455488793597148,1,01J2VEJHQMGJGDRJGTPWEAGRJW,01J2VEJHQM1SR4HDR0GRMTKRX0,0.6277423565055459,1,01J2VEJHQMGJGDRJGTPWEAGRJW,01J2VEJHQMWYXHN3VWHGV0SDCT,-0.9232336039058657,1,01J2VEJHQMGJGDRJGTPWEAGRJW,01J2VEJHQM7P2W9F3QS9Z7VZS4,-0.0035731195215732703,1,01J2VEJHQMWKGDPQ1R3M7QA6MX,01J2VHECD2HV3Z2KY2CZVPF7T9,-0.40143215342536576,1,01J2VHECD2HV3Z2KY2CZVPF7T9,01J2VEJHQM1SR4HDR0GRMTKRX0,-0.7499087144514496,1,01J2VEJHQMNWB30ED6C4QXPBMT,01J2VEVZ6WVY2EH3KTBJJAKQ6X,-0.6138447662279327,1,01J2VEJHQM6MD01HBJ79A57Q0A,01J2VHECD2HV3Z2KY2CZVPF7T9,-0.890937642043076,1,01J2VEJHQM4CYMJRTJD1RQDMSN,01J2VN6FR8AHT3JK2VE9GY63H4,0.9981909101481408,1,01J2VN6FR8AHT3JK2VE9GY63H4,01J2VEJHQMWYXHN3VWHGV0SDCT,0.38411917538407886,1,01J2VEJHQM9FFYPAVH3PJSP11P,01J2VPYWQMCKSSSPW134WSZX1Z,1.0,1,01J2VPYWQMCKSSSPW134WSZX1Z,01J2VEJHQMWYXHN3VWHGV0SDCT,0.9359300195072006,1
2024-07-15 21:02:21,Gen_25,5.412499999999951,"[10, 3, 3]",36,01J2VEJHQMP86X6NZ908E7D8Y2,01J2VEJHQM1SR4HDR0GRMTKRX0,0.43460169745488764,1,01J2VEJHQMP86X6NZ908E7D8Y2,01J2VEJHQMWYXHN3VWHGV0SDCT,0.8534191236793666,1,01J2VEJHQMP86X6NZ908E7D8Y2,01J2VEJHQM7P2W9F3QS9Z7VZS4,1.0,1,01J2VEJHQMNWB30ED6C4QXPBMT,01J2VEJHQM1SR4HDR0GRMTKRX0,-0.9181489463434903,1,01J2VEJHQMNWB30ED6C4QXPBMT,01J2VEJHQMWYXHN3VWHGV0SDCT,0.8544072736822902,1,01J2VEJHQMNWB30ED6C4QXPBMT,01J2VEJHQM7P2W9F3QS9Z7VZS4,-0.4162984578989245,1,01J2VEJHQM4CYMJRTJD1RQDMSN,01J2VEJHQM1SR4HDR0GRMTKRX0,-0.460274437424729,1,01J2VEJHQM4CYMJRTJD1RQDMSN,01J2VEJHQMWYXHN3VWHGV0SDCT,-0.7182238061229218,1,01J2VEJHQM4CYMJRTJD1RQDMSN,01J2VEJHQM7P2W9F3QS9Z7VZS4,-0.4262723063927269,1,01J2VEJHQM9FFYPAVH3PJSP11P,01J2VEJHQM1SR4HDR0GRMTKRX0,-0.6448965558439547,1,01J2VEJHQM9FFYPAVH3PJSP11P,01J2VEJHQMWYXHN3VWHGV0SDCT,0.8526891089692937,1,01J2VEJHQM9FFYPAVH3PJSP11P,01J2VEJHQMWYXHN3VWHGV0SDCT,0.8259431081845953,1,01J2VEJHQM9FFYPAVH3PJSP11P,01J2VEJHQM7P2W9F3QS9Z7VZS4,-0.23872929790293917,1,01J2VEJHQM9FFYPAVH3PJSP11P,01J2VEJHQM7P2W9F3QS9Z7VZS4,0.02390045308174764,1,01J2VEJHQMDKGCF2MGG4QDWEB9,01J2VEJHQM1SR4HDR0GRMTKRX0,0.8160264177845697,1,01J2VEJHQMDKGCF2MGG4QDWEB9,01J2VEJHQMWYXHN3VWHGV0SDCT,-0.8607432025166531,1,01J2VEJHQMDKGCF2MGG4QDWEB9,01J2VEJHQM7P2W9F3QS9Z7VZS4,0.9898568113892031,1,01J2VEJHQM9HAX8KD2DBH5VSH6,01J2VEJHQM1SR4HDR0GRMTKRX0,0.5860675386448759,1,01J2VEJHQM9HAX8KD2DBH5VSH6,01J2VEJHQMWYXHN3VWHGV0SDCT,-0.22656402558062055,1,01J2VEJHQM9HAX8KD2DBH5VSH6,01J2VEJHQM7P2W9F3QS9Z7VZS4,-0.08269114869457131,1,01J2VEJHQM15YCPRG0F9A64JVJ,01J2VEJHQM1SR4HDR0GRMTKRX0,-1.0,1,01J2VEJHQM15YCPRG0F9A64JVJ,01J2VEJHQM7P2W9F3QS9Z7VZS4,1.0,1,01J2VEJHQMWKGDPQ1R3M7QA6MX,01J2VEJHQMWYXHN3VWHGV0SDCT,0.9090050978033939,1,01J2VEJHQMWKGDPQ1R3M7QA6MX,01J2VEJHQM7P2W9F3QS9Z7VZS4,-0.7858807570922859,1,01J2VEJHQM6MD01HBJ79A57Q0A,01J2VEJHQM1SR4HDR0GRMTKRX0,0.7201599011050901,1,01J2VEJHQM6MD01HBJ79A57Q0A,01J2VEJHQMWYXHN3VWHGV0SDCT,0.16150047867475878,1,01J2VEJHQM6MD01HBJ79A57Q0A,01J2VEJHQM7P2W9F3QS9Z7VZS4,0.773300974879623,1,01J2VEJHQMGJGDRJGTPWEAGRJW,01J2VEJHQM1SR4HDR0GRMTKRX0,0.7381148271515598,1,01J2VEJHQMGJGDRJGTPWEAGRJW,01J2VEJHQMWYXHN3VWHGV0SDCT,-0.6451786644846904,1,01J2VEJHQMGJGDRJGTPWEAGRJW,01J2VEJHQM7P2W9F3QS9Z7VZS4,0.09860993509918539,1,01J2VEJHQMWKGDPQ1R3M7QA6MX,01J2VHECD2HV3Z2KY2CZVPF7T9,-0.7925455637026855,1,01J2VHECD2HV3Z2KY2CZVPF7T9,01J2VEJHQM1SR4HDR0GRMTKRX0,-0.103674820712554,1,01J2VEJHQMNWB30ED6C4QXPBMT,01J2VEVZ6WVY2EH3KTBJJAKQ6X,-0.9531797925956643,1,01J2VEJHQM4CYMJRTJD1RQDMSN,01J2VN6FR8AHT3JK2VE9GY63H4,1.0,1,01J2VN6FR8AHT3JK2VE9GY63H4,01J2VEJHQMWYXHN3VWHGV0SDCT,0.3551134788326117,1,01J2VEJHQMNWB30ED6C4QXPBMT,01J2VHECD2HV3Z2KY2CZVPF7T9,0.16903119024573132,1
2024-07-15 21:09:23,Gen_26,5.209999999999955,"[10, 3, 3]",36,01J2VEJHQMP86X6NZ908E7D8Y2,01J2VEJHQM1SR4HDR0GRMTKRX0,0.43460169745488764,1,01J2VEJHQMP86X6NZ908E7D8Y2,01J2VEJHQMWYXHN3VWHGV0SDCT,0.891072930312061,1,01J2VEJHQMP86X6NZ908E7D8Y2,01J2VEJHQM7P2W9F3QS9Z7VZS4,1.0,1,01J2VEJHQMNWB30ED6C4QXPBMT,01J2VEJHQM1SR4HDR0GRMTKRX0,-0.45750656843622584,1,01J2VEJHQMNWB30ED6C4QXPBMT,01J2VEJHQMWYXHN3VWHGV0SDCT,0.5303705924031039,1,01J2VEJHQMNWB30ED6C4QXPBMT,01J2VEJHQM7P2W9F3QS9Z7VZS4,-0.8546577388837542,1,01J2VEJHQM4CYMJRTJD1RQDMSN,01J2VEJHQM1SR4HDR0GRMTKRX0,-0.8213801509276568,1,01J2VEJHQM4CYMJRTJD1RQDMSN,01J2VEJHQMWYXHN3VWHGV0SDCT,0.11595563014235266,1,01J2VEJHQM4CYMJRTJD1RQDMSN,01J2VEJHQM7P2W9F3QS9Z7VZS4,-0.4262723063927269,1,01J2VEJHQM9FFYPAVH3PJSP11P,01J2VEJHQM1SR4HDR0GRMTKRX0,-0.6948576606712692,1,01J2VEJHQM9FFYPAVH3PJSP11P,01J2VEJHQMWYXHN3VWHGV0SDCT,0.9265798589213139,1,01J2VEJHQM9FFYPAVH3PJSP11P,01J2VEJHQMWYXHN3VWHGV0SDCT,1.0,1,01J2VEJHQM9FFYPAVH3PJSP11P,01J2VEJHQM7P2W9F3QS9Z7VZS4,-0.19128117383413035,1,01J2VEJHQM9FFYPAVH3PJSP11P,01J2VEJHQM7P2W9F3QS9Z7VZS4,0.025424915439003937,1,01J2VEJHQMDKGCF2MGG4QDWEB9,01J2VEJHQM1SR4HDR0GRMTKRX0,0.8267877462650258,1,01J2VEJHQMDKGCF2MGG4QDWEB9,01J2VEJHQMWYXHN3VWHGV0SDCT,-0.8612728528040201,1,01J2VEJHQMDKGCF2MGG4QDWEB9,01J2VEJHQM7P2W9F3QS9Z7VZS4,0.9898568113892031,1,01J2VEJHQM9HAX8KD2DBH5VSH6,01J2VEJHQM1SR4HDR0GRMTKRX0,0.5860675386448759,1,01J2VEJHQM9HAX8KD2DBH5VSH6,01J2VEJHQMWYXHN3VWHGV0SDCT,0.49545411662607397,1,01J2VEJHQM9HAX8KD2DBH5VSH6,01J2VEJHQM7P2W9F3QS9Z7VZS4,-0.15407957572993172,1,01J2VEJHQM15YCPRG0F9A64JVJ,01J2VEJHQM1SR4HDR0GRMTKRX0,-1.0,1,01J2VEJHQM15YCPRG0F9A64JVJ,01J2VEJHQM7P2W9F3QS9Z7VZS4,0.9610766089093611,1,01J2VEJHQMWKGDPQ1R3M7QA6MX,01J2VEJHQMWYXHN3VWHGV0SDCT,-0.6304064483279153,1,01J2VEJHQMWKGDPQ1R3M7QA6MX,01J2VEJHQM7P2W9F3QS9Z7VZS4,-0.7423267660574233,1,01J2VEJHQM6MD01HBJ79A57Q0A,01J2VEJHQM1SR4HDR0GRMTKRX0,0.7201599011050901,1,01J2VEJHQM6MD01HBJ79A57Q0A,01J2VEJHQMWYXHN3VWHGV0SDCT,0.07473720819193427,1,01J2VEJHQM6MD01HBJ79A57Q0A,01J2VEJHQM7P2W9F3QS9Z7VZS4,0.773300974879623,1,01J2VEJHQMGJGDRJGTPWEAGRJW,01J2VEJHQM1SR4HDR0GRMTKRX0,0.6679522017353987,1,01J2VEJHQMGJGDRJGTPWEAGRJW,01J2VEJHQMWYXHN3VWHGV0SDCT,-0.05100619933457473,1,01J2VEJHQMGJGDRJGTPWEAGRJW,01J2VEJHQM7P2W9F3QS9Z7VZS4,0.12937192460663188,1,01J2VEJHQMWKGDPQ1R3M7QA6MX,01J2VHECD2HV3Z2KY2CZVPF7T9,-0.8323418154735653,1,01J2VHECD2HV3Z2KY2CZVPF7T9,01J2VEJHQM1SR4HDR0GRMTKRX0,-0.09709276305932069,1,01J2VEJHQMNWB30ED6C4QXPBMT,01J2VEVZ6WVY2EH3KTBJJAKQ6X,-0.8633104083156287,1,01J2VEJHQM4CYMJRTJD1RQDMSN,01J2VN6FR8AHT3JK2VE9GY63H4,0.9043390796954811,1,01J2VN6FR8AHT3JK2VE9GY63H4,01J2VEJHQMWYXHN3VWHGV0SDCT,0.26701942590254346,1,01J2VEJHQMNWB30ED6C4QXPBMT,01J2VHECD2HV3Z2KY2CZVPF7T9,0.15902931683902816,1
2024-07-15 21:15:40,Gen_27,5.387499999999951,"[10, 5, 3]",39,01J2VEJHQMP86X6NZ908E7D8Y2,01J2VEJHQM1SR4HDR0GRMTKRX0,0.45484755399091026,1,01J2VEJHQMP86X6NZ908E7D8Y2,01J2VEJHQMWYXHN3VWHGV0SDCT,-0.52576409469387,1,01J2VEJHQMP86X6NZ908E7D8Y2,01J2VEJHQM7P2W9F3QS9Z7VZS4,1.0,1,01J2VEJHQMNWB30ED6C4QXPBMT,01J2VEJHQM1SR4HDR0GRMTKRX0,-0.22178396940954626,1,01J2VEJHQMNWB30ED6C4QXPBMT,01J2VEJHQMWYXHN3VWHGV0SDCT,-0.5882515598517415,1,01J2VEJHQMNWB30ED6C4QXPBMT,01J2VEJHQM7P2W9F3QS9Z7VZS4,-0.8628849767511169,1,01J2VEJHQM4CYMJRTJD1RQDMSN,01J2VEJHQM1SR4HDR0GRMTKRX0,-1.0,1,01J2VEJHQM4CYMJRTJD1RQDMSN,01J2VEJHQMWYXHN3VWHGV0SDCT,-0.8285057661502766,1,01J2VEJHQM4CYMJRTJD1RQDMSN,01J2VEJHQM7P2W9F3QS9Z7VZS4,-0.06297741298588766,1,01J2VEJHQM9FFYPAVH3PJSP11P,01J2VEJHQM1SR4HDR0GRMTKRX0,-0.4716700786669332,1,01J2VEJHQM9FFYPAVH3PJSP11P,01J2VEJHQMWYXHN3VWHGV0SDCT,1.0,1,01J2VEJHQM9FFYPAVH3PJSP11P,01J2VEJHQM7P2W9F3QS9Z7VZS4,-0.21104432847202723,1,01J2VEVZ6WVY2EH3KTBJJAKQ6X,01J2VEJHQMWYXHN3VWHGV0SDCT,-0.8315507352139434,1,01J2VEJHQMDKGCF2MGG4QDWEB9,01J2VEJHQM1SR4HDR0GRMTKRX0,0.9371753076491359,1,01J2VEJHQMDKGCF2MGG4QDWEB9,01J2VEJHQMWYXHN3VWHGV0SDCT,0.9483522931416699,1,01J2VEJHQMDKGCF2MGG4QDWEB9,01J2VEJHQM7P2W9F3QS9Z7VZS4,-0.1083835537622643,1,01J2VEJHQM9HAX8KD2DBH5VSH6,01J2VEJHQM1SR4HDR0GRMTKRX0,0.6927569375971263,1,01J2VEJHQM9HAX8KD2DBH5VSH6,01J2VEJHQMWYXHN3VWHGV0SDCT,0.3554501422070663,1,01J2VEJHQM9HAX8KD2DBH5VSH6,01J2VEJHQM7P2W9F3QS9Z7VZS4,0.0871131695671976,1,01J2VEJHQM15YCPRG0F9A64JVJ,01J2VEJHQM1SR4HDR0GRMTKRX0,0.8924596074180575,1,01J2VEJHQM15YCPRG0F9A64JVJ,01J2VEJHQM7P2W9F3QS9Z7VZS4,0.8570979409432009,1,01J2VEJHQMWKGDPQ1R3M7QA6MX,01J2VEJHQMWYXHN3VWHGV0SDCT,0.5278354850284128,1,01J2VEJHQMWKGDPQ1R3M7QA6MX,01J2VEJHQM7P2W9F3QS9Z7VZS4,0.8099591306546556,1,01J2VEJHQM6MD01HBJ79A57Q0A,01J2VEJHQM1SR4HDR0GRMTKRX0,0.9321728944083985,1,01J2VEJHQM6MD01HBJ79A57Q0A,01J2VEJHQMWYXHN3VWHGV0SDCT,0.030860965266518214,1,01J2VEJHQM6MD01HBJ79A57Q0A,01J2VEJHQM7P2W9F3QS9Z7VZS4,0.5243566714035469,1,01J2VEJHQMGJGDRJGTPWEAGRJW,01J2VEJHQM1SR4HDR0GRMTKRX0,0.5774983169882842,1,01J2VEJHQMGJGDRJGTPWEAGRJW,01J2VEJHQMWYXHN3VWHGV0SDCT,-0.9761686660708278,1,01J2VEJHQMGJGDRJGTPWEAGRJW,01J2VEJHQM7P2W9F3QS9Z7VZS4,0.12120609635065108,1,01J2VEJHQMWKGDPQ1R3M7QA6MX,01J2VHECD2HV3Z2KY2CZVPF7T9,0.23877972884334675,1,01J2VHECD2HV3Z2KY2CZVPF7T9,01J2VEJHQM1SR4HDR0GRMTKRX0,-0.3752280850935873,1,01J2VEJHQMNWB30ED6C4QXPBMT,01J2VEVZ6WVY2EH3KTBJJAKQ6X,-0.5279715974947516,1,01J2VEJHQM6MD01HBJ79A57Q0A,01J2VHECD2HV3Z2KY2CZVPF7T9,0.14032648778644363,1,01J2VEJHQM4CYMJRTJD1RQDMSN,01J2VN6FR8AHT3JK2VE9GY63H4,-0.41239736683712097,1,01J2VN6FR8AHT3JK2VE9GY63H4,01J2VEJHQMWYXHN3VWHGV0SDCT,0.44115006464174955,1,01J2VEJHQM9FFYPAVH3PJSP11P,01J2VPYWQMCKSSSPW134WSZX1Z,0.8148826847962961,1,01J2VPYWQMCKSSSPW134WSZX1Z,01J2VRHSCWR2DYB1PH70MS1D86,0.957069932303236,1,01J2VRHSCWR2DYB1PH70MS1D86,01J2VEJHQMWYXHN3VWHGV0SDCT,0.9231575444156638,1,01J2VEJHQMWKGDPQ1R3M7QA6MX,01J2VPYWQMCKSSSPW134WSZX1Z,0.5393664029805493,1
